Tech Lead Full-Stack Rails Engineer,Mitre Media,https://remotive.com/remote-jobs/software-development/tech-lead-full-stack-rails-engineer-2069746
Tech Lead Databricks Data Engineer,Mitre Media,https://remotive.com/remote-jobs/software-development/tech-lead-databricks-data-engineer-2069747
"Software Engineer, iOS Core Product","Speechify, Inc.",https://remotive.com/remote-jobs/software-development/software-engineer-ios-core-product-2038175
Senior Independent AI Engineer / Architect,A.Team,https://remotive.com/remote-jobs/software-development/senior-independent-ai-engineer-architect-1919266
Senior Independent Software Developer,A.Team,https://remotive.com/remote-jobs/software-development/senior-independent-software-developer-1919265
Senior Full-stack Developer,Lemon.io,https://remotive.com/remote-jobs/software-development/senior-full-stack-developer-2075915
iOS Developer,nooro,https://remotive.com/remote-jobs/software-development/ios-developer-1956455
React Native Senior Developer,"Everbreed Systems, LLC",https://remotive.com/remote-jobs/software-development/react-native-senior-developer-2070032
Senior DevOps Engineer,Marketerx,https://remotive.com/remote-jobs/devops/senior-devops-engineer-2070150
Senior DevOps Engineer (AWS),Proxify,https://remotive.com/remote-jobs/software-development/senior-devops-engineer-aws-1359476
Inside Sales Contractor,"Credit Wellness, LLC",https://remotive.com/remote-jobs/sales-business/inside-sales-contractor-2086540
Content Marketing Manager,Baymard Institute,https://remotive.com/remote-jobs/marketing/content-marketing-manager-2086404
SEO Manager,Evaboot,https://remotive.com/remote-jobs/marketing/seo-manager-2071165
